NOK_per_kWh;EUR_per_kWh;EXR;time_start;time_end;area
0.74803;0.064;11.688;2025-09-26T00:00:00+02:00;2025-09-26T01:00:00+02:00;NO1
0.74569;0.0638;11.688;2025-09-26T01:00:00+02:00;2025-09-26T02:00:00+02:00;NO1
0.74745;0.06395;11.688;2025-09-26T02:00:00+02:00;2025-09-26T03:00:00+02:00;NO1
0.74476;0.06372;11.688;2025-09-26T03:00:00+02:00;2025-09-26T04:00:00+02:00;NO1
0.73997;0.06331;11.688;2025-09-26T04:00:00+02:00;2025-09-26T05:00:00+02:00;NO1
0.73249;0.06267;11.688;2025-09-26T05:00:00+02:00;2025-09-26T06:00:00+02:00;NO1
0.71788;0.06142;11.688;2025-09-26T06:00:00+02:00;2025-09-26T07:00:00+02:00;NO1
0.84878;0.07262;11.688;2025-09-26T07:00:00+02:00;2025-09-26T08:00:00+02:00;NO1
1.05087;0.08991;11.688;2025-09-26T08:00:00+02:00;2025-09-26T09:00:00+02:00;NO1
1.24793;0.10677;11.688;2025-09-26T09:00:00+02:00;2025-09-26T10:00:00+02:00;NO1
1.01651;0.08697;11.688;2025-09-26T10:00:00+02:00;2025-09-26T11:00:00+02:00;NO1
0.93235;0.07977;11.688;2025-09-26T11:00:00+02:00;2025-09-26T12:00:00+02:00;NO1
0.87672;0.07501;11.688;2025-09-26T12:00:00+02:00;2025-09-26T13:00:00+02:00;NO1
0.81232;0.0695;11.688;2025-09-26T13:00:00+02:00;2025-09-26T14:00:00+02:00;NO1
0.806;0.06896;11.688;2025-09-26T14:00:00+02:00;2025-09-26T15:00:00+02:00;NO1
0.80226;0.06864;11.688;2025-09-26T15:00:00+02:00;2025-09-26T16:00:00+02:00;NO1
0.81325;0.06958;11.688;2025-09-26T16:00:00+02:00;2025-09-26T17:00:00+02:00;NO1
0.78426;0.0671;11.688;2025-09-26T17:00:00+02:00;2025-09-26T18:00:00+02:00;NO1
0.77047;0.06592;11.688;2025-09-26T18:00:00+02:00;2025-09-26T19:00:00+02:00;NO1
0.71262;0.06097;11.688;2025-09-26T19:00:00+02:00;2025-09-26T20:00:00+02:00;NO1
0.84119;0.07197;11.688;2025-09-26T20:00:00+02:00;2025-09-26T21:00:00+02:00;NO1
0.7831;0.067;11.688;2025-09-26T21:00:00+02:00;2025-09-26T22:00:00+02:00;NO1
0.6038;0.05166;11.688;2025-09-26T22:00:00+02:00;2025-09-26T23:00:00+02:00;NO1
0.65546;0.05608;11.688;2025-09-26T23:00:00+02:00;2025-09-27T00:00:00+02:00;NO1
0.83558;0.07149;11.688;2025-09-26T00:00:00+02:00;2025-09-26T01:00:00+02:00;NO2
0.81126;0.06941;11.688;2025-09-26T01:00:00+02:00;2025-09-26T02:00:00+02:00;NO2
0.80449;0.06883;11.688;2025-09-26T02:00:00+02:00;2025-09-26T03:00:00+02:00;NO2
0.80355;0.06875;11.688;2025-09-26T03:00:00+02:00;2025-09-26T04:00:00+02:00;NO2
0.80928;0.06924;11.688;2025-09-26T04:00:00+02:00;2025-09-26T05:00:00+02:00;NO2
0.83826;0.07172;11.688;2025-09-26T05:00:00+02:00;2025-09-26T06:00:00+02:00;NO2
0.87602;0.07495;11.688;2025-09-26T06:00:00+02:00;2025-09-26T07:00:00+02:00;NO2
1.03112;0.08822;11.688;2025-09-26T07:00:00+02:00;2025-09-26T08:00:00+02:00;NO2
1.08453;0.09279;11.688;2025-09-26T08:00:00+02:00;2025-09-26T09:00:00+02:00;NO2
1.25038;0.10698;11.688;2025-09-26T09:00:00+02:00;2025-09-26T10:00:00+02:00;NO2
1.01709;0.08702;11.688;2025-09-26T10:00:00+02:00;2025-09-26T11:00:00+02:00;NO2
0.93481;0.07998;11.688;2025-09-26T11:00:00+02:00;2025-09-26T12:00:00+02:00;NO2
0.87672;0.07501;11.688;2025-09-26T12:00:00+02:00;2025-09-26T13:00:00+02:00;NO2
0.81232;0.0695;11.688;2025-09-26T13:00:00+02:00;2025-09-26T14:00:00+02:00;NO2
0.806;0.06896;11.688;2025-09-26T14:00:00+02:00;2025-09-26T15:00:00+02:00;NO2
0.81267;0.06953;11.688;2025-09-26T15:00:00+02:00;2025-09-26T16:00:00+02:00;NO2
0.84843;0.07259;11.688;2025-09-26T16:00:00+02:00;2025-09-26T17:00:00+02:00;NO2
0.81816;0.07;11.688;2025-09-26T17:00:00+02:00;2025-09-26T18:00:00+02:00;NO2
0.92955;0.07953;11.688;2025-09-26T18:00:00+02:00;2025-09-26T19:00:00+02:00;NO2
1.00248;0.08577;11.688;2025-09-26T19:00:00+02:00;2025-09-26T20:00:00+02:00;NO2
0.87987;0.07528;11.688;2025-09-26T20:00:00+02:00;2025-09-26T21:00:00+02:00;NO2
0.85743;0.07336;11.688;2025-09-26T21:00:00+02:00;2025-09-26T22:00:00+02:00;NO2
0.83265;0.07124;11.688;2025-09-26T22:00:00+02:00;2025-09-26T23:00:00+02:00;NO2
0.81337;0.06959;11.688;2025-09-26T23:00:00+02:00;2025-09-27T00:00:00+02:00;NO2
0.14797;0.01266;11.688;2025-09-26T00:00:00+02:00;2025-09-26T01:00:00+02:00;NO3
0.15498;0.01326;11.688;2025-09-26T01:00:00+02:00;2025-09-26T02:00:00+02:00;NO3
0.14341;0.01227;11.688;2025-09-26T02:00:00+02:00;2025-09-26T03:00:00+02:00;NO3
0.1198;0.01025;11.688;2025-09-26T03:00:00+02:00;2025-09-26T04:00:00+02:00;NO3
0.08731;0.00747;11.688;2025-09-26T04:00:00+02:00;2025-09-26T05:00:00+02:00;NO3
0.08544;0.00731;11.688;2025-09-26T05:00:00+02:00;2025-09-26T06:00:00+02:00;NO3
0.04792;0.0041;11.688;2025-09-26T06:00:00+02:00;2025-09-26T07:00:00+02:00;NO3
0.02454;0.0021;11.688;2025-09-26T07:00:00+02:00;2025-09-26T08:00:00+02:00;NO3
0.46577;0.03985;11.688;2025-09-26T08:00:00+02:00;2025-09-26T09:00:00+02:00;NO3
1.20492;0.10309;11.688;2025-09-26T09:00:00+02:00;2025-09-26T10:00:00+02:00;NO3
1.00657;0.08612;11.688;2025-09-26T10:00:00+02:00;2025-09-26T11:00:00+02:00;NO3
0.88969;0.07612;11.688;2025-09-26T11:00:00+02:00;2025-09-26T12:00:00+02:00;NO3
0.87672;0.07501;11.688;2025-09-26T12:00:00+02:00;2025-09-26T13:00:00+02:00;NO3
0.81243;0.06951;11.688;2025-09-26T13:00:00+02:00;2025-09-26T14:00:00+02:00;NO3
0.806;0.06896;11.688;2025-09-26T14:00:00+02:00;2025-09-26T15:00:00+02:00;NO3
0.69345;0.05933;11.688;2025-09-26T15:00:00+02:00;2025-09-26T16:00:00+02:00;NO3
0.38465;0.03291;11.688;2025-09-26T16:00:00+02:00;2025-09-26T17:00:00+02:00;NO3
0.24147;0.02066;11.688;2025-09-26T17:00:00+02:00;2025-09-26T18:00:00+02:00;NO3
0.14236;0.01218;11.688;2025-09-26T18:00:00+02:00;2025-09-26T19:00:00+02:00;NO3
0.14855;0.01271;11.688;2025-09-26T19:00:00+02:00;2025-09-26T20:00:00+02:00;NO3
0.16866;0.01443;11.688;2025-09-26T20:00:00+02:00;2025-09-26T21:00:00+02:00;NO3
0.17532;0.015;11.688;2025-09-26T21:00:00+02:00;2025-09-26T22:00:00+02:00;NO3
0.23902;0.02045;11.688;2025-09-26T22:00:00+02:00;2025-09-26T23:00:00+02:00;NO3
0.24346;0.02083;11.688;2025-09-26T23:00:00+02:00;2025-09-27T00:00:00+02:00;NO3
0.02454;0.0021;11.688;2025-09-26T00:00:00+02:00;2025-09-26T01:00:00+02:00;NO4
0.0208;0.00178;11.688;2025-09-26T01:00:00+02:00;2025-09-26T02:00:00+02:00;NO4
0.02069;0.00177;11.688;2025-09-26T02:00:00+02:00;2025-09-26T03:00:00+02:00;NO4
0.02116;0.00181;11.688;2025-09-26T03:00:00+02:00;2025-09-26T04:00:00+02:00;NO4
0.02303;0.00197;11.688;2025-09-26T04:00:00+02:00;2025-09-26T05:00:00+02:00;NO4
0.02454;0.0021;11.688;2025-09-26T05:00:00+02:00;2025-09-26T06:00:00+02:00;NO4
0.03857;0.0033;11.688;2025-09-26T06:00:00+02:00;2025-09-26T07:00:00+02:00;NO4
0.03986;0.00341;11.688;2025-09-26T07:00:00+02:00;2025-09-26T08:00:00+02:00;NO4
0.01169;0.001;11.688;2025-09-26T08:00:00+02:00;2025-09-26T09:00:00+02:00;NO4
0.01192;0.00102;11.688;2025-09-26T09:00:00+02:00;2025-09-26T10:00:00+02:00;NO4
0.01216;0.00104;11.688;2025-09-26T10:00:00+02:00;2025-09-26T11:00:00+02:00;NO4
0.01216;0.00104;11.688;2025-09-26T11:00:00+02:00;2025-09-26T12:00:00+02:00;NO4
0.01239;0.00106;11.688;2025-09-26T12:00:00+02:00;2025-09-26T13:00:00+02:00;NO4
0.01239;0.00106;11.688;2025-09-26T13:00:00+02:00;2025-09-26T14:00:00+02:00;NO4
0.01239;0.00106;11.688;2025-09-26T14:00:00+02:00;2025-09-26T15:00:00+02:00;NO4
0.01262;0.00108;11.688;2025-09-26T15:00:00+02:00;2025-09-26T16:00:00+02:00;NO4
0.01262;0.00108;11.688;2025-09-26T16:00:00+02:00;2025-09-26T17:00:00+02:00;NO4
0.02443;0.00209;11.688;2025-09-26T17:00:00+02:00;2025-09-26T18:00:00+02:00;NO4
0.02443;0.00209;11.688;2025-09-26T18:00:00+02:00;2025-09-26T19:00:00+02:00;NO4
0.02443;0.00209;11.688;2025-09-26T19:00:00+02:00;2025-09-26T20:00:00+02:00;NO4
0.02454;0.0021;11.688;2025-09-26T20:00:00+02:00;2025-09-26T21:00:00+02:00;NO4
0.02454;0.0021;11.688;2025-09-26T21:00:00+02:00;2025-09-26T22:00:00+02:00;NO4
0.0201;0.00172;11.688;2025-09-26T22:00:00+02:00;2025-09-26T23:00:00+02:00;NO4
0.01905;0.00163;11.688;2025-09-26T23:00:00+02:00;2025-09-27T00:00:00+02:00;NO4
0.66598;0.05698;11.688;2025-09-26T00:00:00+02:00;2025-09-26T01:00:00+02:00;NO5
0.65698;0.05621;11.688;2025-09-26T01:00:00+02:00;2025-09-26T02:00:00+02:00;NO5
0.65336;0.0559;11.688;2025-09-26T02:00:00+02:00;2025-09-26T03:00:00+02:00;NO5
0.64658;0.05532;11.688;2025-09-26T03:00:00+02:00;2025-09-26T04:00:00+02:00;NO5
0.64003;0.05476;11.688;2025-09-26T04:00:00+02:00;2025-09-26T05:00:00+02:00;NO5
0.646;0.05527;11.688;2025-09-26T05:00:00+02:00;2025-09-26T06:00:00+02:00;NO5
0.64483;0.05517;11.688;2025-09-26T06:00:00+02:00;2025-09-26T07:00:00+02:00;NO5
0.75154;0.0643;11.688;2025-09-26T07:00:00+02:00;2025-09-26T08:00:00+02:00;NO5
0.96461;0.08253;11.688;2025-09-26T08:00:00+02:00;2025-09-26T09:00:00+02:00;NO5
1.24197;0.10626;11.688;2025-09-26T09:00:00+02:00;2025-09-26T10:00:00+02:00;NO5
1.0151;0.08685;11.688;2025-09-26T10:00:00+02:00;2025-09-26T11:00:00+02:00;NO5
0.92569;0.0792;11.688;2025-09-26T11:00:00+02:00;2025-09-26T12:00:00+02:00;NO5
0.87672;0.07501;11.688;2025-09-26T12:00:00+02:00;2025-09-26T13:00:00+02:00;NO5
0.81232;0.0695;11.688;2025-09-26T13:00:00+02:00;2025-09-26T14:00:00+02:00;NO5
0.806;0.06896;11.688;2025-09-26T14:00:00+02:00;2025-09-26T15:00:00+02:00;NO5
0.77737;0.06651;11.688;2025-09-26T15:00:00+02:00;2025-09-26T16:00:00+02:00;NO5
0.73272;0.06269;11.688;2025-09-26T16:00:00+02:00;2025-09-26T17:00:00+02:00;NO5
0.6952;0.05948;11.688;2025-09-26T17:00:00+02:00;2025-09-26T18:00:00+02:00;NO5
0.70467;0.06029;11.688;2025-09-26T18:00:00+02:00;2025-09-26T19:00:00+02:00;NO5
0.71659;0.06131;11.688;2025-09-26T19:00:00+02:00;2025-09-26T20:00:00+02:00;NO5
0.67767;0.05798;11.688;2025-09-26T20:00:00+02:00;2025-09-26T21:00:00+02:00;NO5
0.67416;0.05768;11.688;2025-09-26T21:00:00+02:00;2025-09-26T22:00:00+02:00;NO5
0.63033;0.05393;11.688;2025-09-26T22:00:00+02:00;2025-09-26T23:00:00+02:00;NO5
0.64354;0.05506;11.688;2025-09-26T23:00:00+02:00;2025-09-27T00:00:00+02:00;NO5
0.6727;0.05755;11.689;2025-09-27T00:00:00+02:00;2025-09-27T01:00:00+02:00;NO1
0.65914;0.05639;11.689;2025-09-27T01:00:00+02:00;2025-09-27T02:00:00+02:00;NO1
0.67913;0.0581;11.689;2025-09-27T02:00:00+02:00;2025-09-27T03:00:00+02:00;NO1
0.67703;0.05792;11.689;2025-09-27T03:00:00+02:00;2025-09-27T04:00:00+02:00;NO1
0.67726;0.05794;11.689;2025-09-27T04:00:00+02:00;2025-09-27T05:00:00+02:00;NO1
0.66171;0.05661;11.689;2025-09-27T05:00:00+02:00;2025-09-27T06:00:00+02:00;NO1
0.63109;0.05399;11.689;2025-09-27T06:00:00+02:00;2025-09-27T07:00:00+02:00;NO1
0.62256;0.05326;11.689;2025-09-27T07:00:00+02:00;2025-09-27T08:00:00+02:00;NO1
0.58398;0.04996;11.689;2025-09-27T08:00:00+02:00;2025-09-27T09:00:00+02:00;NO1
0.73617;0.06298;11.689;2025-09-27T09:00:00+02:00;2025-09-27T10:00:00+02:00;NO1
0.74389;0.06364;11.689;2025-09-27T10:00:00+02:00;2025-09-27T11:00:00+02:00;NO1
0.73571;0.06294;11.689;2025-09-27T11:00:00+02:00;2025-09-27T12:00:00+02:00;NO1
0.72472;0.062;11.689;2025-09-27T12:00:00+02:00;2025-09-27T13:00:00+02:00;NO1
0.66323;0.05674;11.689;2025-09-27T13:00:00+02:00;2025-09-27T14:00:00+02:00;NO1
0.72671;0.06217;11.689;2025-09-27T14:00:00+02:00;2025-09-27T15:00:00+02:00;NO1
0.74132;0.06342;11.689;2025-09-27T15:00:00+02:00;2025-09-27T16:00:00+02:00;NO1
0.77603;0.06639;11.689;2025-09-27T16:00:00+02:00;2025-09-27T17:00:00+02:00;NO1
0.7052;0.06033;11.689;2025-09-27T17:00:00+02:00;2025-09-27T18:00:00+02:00;NO1
0.67773;0.05798;11.689;2025-09-27T18:00:00+02:00;2025-09-27T19:00:00+02:00;NO1
0.84593;0.07237;11.689;2025-09-27T19:00:00+02:00;2025-09-27T20:00:00+02:00;NO1
0.74985;0.06415;11.689;2025-09-27T20:00:00+02:00;2025-09-27T21:00:00+02:00;NO1
0.67013;0.05733;11.689;2025-09-27T21:00:00+02:00;2025-09-27T22:00:00+02:00;NO1
0.61846;0.05291;11.689;2025-09-27T22:00:00+02:00;2025-09-27T23:00:00+02:00;NO1
0.57615;0.04929;11.689;2025-09-27T23:00:00+02:00;2025-09-28T00:00:00+02:00;NO1
0.81426;0.06966;11.689;2025-09-27T00:00:00+02:00;2025-09-27T01:00:00+02:00;NO2
0.80292;0.06869;11.689;2025-09-27T01:00:00+02:00;2025-09-27T02:00:00+02:00;NO2
0.80584;0.06894;11.689;2025-09-27T02:00:00+02:00;2025-09-27T03:00:00+02:00;NO2
0.80409;0.06879;11.689;2025-09-27T03:00:00+02:00;2025-09-27T04:00:00+02:00;NO2
0.79111;0.06768;11.689;2025-09-27T04:00:00+02:00;2025-09-27T05:00:00+02:00;NO2
0.79894;0.06835;11.689;2025-09-27T05:00:00+02:00;2025-09-27T06:00:00+02:00;NO2
0.81297;0.06955;11.689;2025-09-27T06:00:00+02:00;2025-09-27T07:00:00+02:00;NO2
0.8644;0.07395;11.689;2025-09-27T07:00:00+02:00;2025-09-27T08:00:00+02:00;NO2
0.86873;0.07432;11.689;2025-09-27T08:00:00+02:00;2025-09-27T09:00:00+02:00;NO2
0.81811;0.06999;11.689;2025-09-27T09:00:00+02:00;2025-09-27T10:00:00+02:00;NO2
0.77007;0.06588;11.689;2025-09-27T10:00:00+02:00;2025-09-27T11:00:00+02:00;NO2
0.76177;0.06517;11.689;2025-09-27T11:00:00+02:00;2025-09-27T12:00:00+02:00;NO2
0.74985;0.06415;11.689;2025-09-27T12:00:00+02:00;2025-09-27T13:00:00+02:00;NO2
0.68451;0.05856;11.689;2025-09-27T13:00:00+02:00;2025-09-27T14:00:00+02:00;NO2
0.75464;0.06456;11.689;2025-09-27T14:00:00+02:00;2025-09-27T15:00:00+02:00;NO2
0.76984;0.06586;11.689;2025-09-27T15:00:00+02:00;2025-09-27T16:00:00+02:00;NO2
0.80584;0.06894;11.689;2025-09-27T16:00:00+02:00;2025-09-27T17:00:00+02:00;NO2
0.85447;0.0731;11.689;2025-09-27T17:00:00+02:00;2025-09-27T18:00:00+02:00;NO2
0.90099;0.07708;11.689;2025-09-27T18:00:00+02:00;2025-09-27T19:00:00+02:00;NO2
0.88813;0.07598;11.689;2025-09-27T19:00:00+02:00;2025-09-27T20:00:00+02:00;NO2
0.87375;0.07475;11.689;2025-09-27T20:00:00+02:00;2025-09-27T21:00:00+02:00;NO2
0.86487;0.07399;11.689;2025-09-27T21:00:00+02:00;2025-09-27T22:00:00+02:00;NO2
0.87235;0.07463;11.689;2025-09-27T22:00:00+02:00;2025-09-27T23:00:00+02:00;NO2
0.84161;0.072;11.689;2025-09-27T23:00:00+02:00;2025-09-28T00:00:00+02:00;NO2
0.24979;0.02137;11.689;2025-09-27T00:00:00+02:00;2025-09-27T01:00:00+02:00;NO3
0.29141;0.02493;11.689;2025-09-27T01:00:00+02:00;2025-09-27T02:00:00+02:00;NO3
0.29187;0.02497;11.689;2025-09-27T02:00:00+02:00;2025-09-27T03:00:00+02:00;NO3
0.31221;0.02671;11.689;2025-09-27T03:00:00+02:00;2025-09-27T04:00:00+02:00;NO3
0.31023;0.02654;11.689;2025-09-27T04:00:00+02:00;2025-09-27T05:00:00+02:00;NO3
0.31666;0.02709;11.689;2025-09-27T05:00:00+02:00;2025-09-27T06:00:00+02:00;NO3
0.28194;0.02412;11.689;2025-09-27T06:00:00+02:00;2025-09-27T07:00:00+02:00;NO3
0.28439;0.02433;11.689;2025-09-27T07:00:00+02:00;2025-09-27T08:00:00+02:00;NO3
0.35102;0.03003;11.689;2025-09-27T08:00:00+02:00;2025-09-27T09:00:00+02:00;NO3
0.32145;0.0275;11.689;2025-09-27T09:00:00+02:00;2025-09-27T10:00:00+02:00;NO3
0.58468;0.05002;11.689;2025-09-27T10:00:00+02:00;2025-09-27T11:00:00+02:00;NO3
0.29924;0.0256;11.689;2025-09-27T11:00:00+02:00;2025-09-27T12:00:00+02:00;NO3
0.30111;0.02576;11.689;2025-09-27T12:00:00+02:00;2025-09-27T13:00:00+02:00;NO3
0.30403;0.02601;11.689;2025-09-27T13:00:00+02:00;2025-09-27T14:00:00+02:00;NO3
0.25377;0.02171;11.689;2025-09-27T14:00:00+02:00;2025-09-27T15:00:00+02:00;NO3
0.25529;0.02184;11.689;2025-09-27T15:00:00+02:00;2025-09-27T16:00:00+02:00;NO3
0.26511;0.02268;11.689;2025-09-27T16:00:00+02:00;2025-09-27T17:00:00+02:00;NO3
0.16306;0.01395;11.689;2025-09-27T17:00:00+02:00;2025-09-27T18:00:00+02:00;NO3
0.15558;0.01331;11.689;2025-09-27T18:00:00+02:00;2025-09-27T19:00:00+02:00;NO3
0.09421;0.00806;11.689;2025-09-27T19:00:00+02:00;2025-09-27T20:00:00+02:00;NO3
0.04909;0.0042;11.689;2025-09-27T20:00:00+02:00;2025-09-27T21:00:00+02:00;NO3
0.10672;0.00913;11.689;2025-09-27T21:00:00+02:00;2025-09-27T22:00:00+02:00;NO3
0.13127;0.01123;11.689;2025-09-27T22:00:00+02:00;2025-09-27T23:00:00+02:00;NO3
0.15991;0.01368;11.689;2025-09-27T23:00:00+02:00;2025-09-28T00:00:00+02:00;NO3
0.02326;0.00199;11.689;2025-09-27T00:00:00+02:00;2025-09-27T01:00:00+02:00;NO4
0.01905;0.00163;11.689;2025-09-27T01:00:00+02:00;2025-09-27T02:00:00+02:00;NO4
0.01262;0.00108;11.689;2025-09-27T02:00:00+02:00;2025-09-27T03:00:00+02:00;NO4
0.01239;0.00106;11.689;2025-09-27T03:00:00+02:00;2025-09-27T04:00:00+02:00;NO4
0.01262;0.00108;11.689;2025-09-27T04:00:00+02:00;2025-09-27T05:00:00+02:00;NO4
0.01262;0.00108;11.689;2025-09-27T05:00:00+02:00;2025-09-27T06:00:00+02:00;NO4
0.02022;0.00173;11.689;2025-09-27T06:00:00+02:00;2025-09-27T07:00:00+02:00;NO4
0.01274;0.00109;11.689;2025-09-27T07:00:00+02:00;2025-09-27T08:00:00+02:00;NO4
0.01262;0.00108;11.689;2025-09-27T08:00:00+02:00;2025-09-27T09:00:00+02:00;NO4
0.02011;0.00172;11.689;2025-09-27T09:00:00+02:00;2025-09-27T10:00:00+02:00;NO4
0.01286;0.0011;11.689;2025-09-27T10:00:00+02:00;2025-09-27T11:00:00+02:00;NO4
0.02244;0.00192;11.689;2025-09-27T11:00:00+02:00;2025-09-27T12:00:00+02:00;NO4
0.01286;0.0011;11.689;2025-09-27T12:00:00+02:00;2025-09-27T13:00:00+02:00;NO4
0.01251;0.00107;11.689;2025-09-27T13:00:00+02:00;2025-09-27T14:00:00+02:00;NO4
0.02069;0.00177;11.689;2025-09-27T14:00:00+02:00;2025-09-27T15:00:00+02:00;NO4
0.0277;0.00237;11.689;2025-09-27T15:00:00+02:00;2025-09-27T16:00:00+02:00;NO4
0.0249;0.00213;11.689;2025-09-27T16:00:00+02:00;2025-09-27T17:00:00+02:00;NO4
0.03694;0.00316;11.689;2025-09-27T17:00:00+02:00;2025-09-27T18:00:00+02:00;NO4
0.03717;0.00318;11.689;2025-09-27T18:00:00+02:00;2025-09-27T19:00:00+02:00;NO4
0.03928;0.00336;11.689;2025-09-27T19:00:00+02:00;2025-09-27T20:00:00+02:00;NO4
0.06534;0.00559;11.689;2025-09-27T20:00:00+02:00;2025-09-27T21:00:00+02:00;NO4
0.07586;0.00649;11.689;2025-09-27T21:00:00+02:00;2025-09-27T22:00:00+02:00;NO4
0.06955;0.00595;11.689;2025-09-27T22:00:00+02:00;2025-09-27T23:00:00+02:00;NO4
0.06978;0.00597;11.689;2025-09-27T23:00:00+02:00;2025-09-28T00:00:00+02:00;NO4
0.64582;0.05525;11.689;2025-09-27T00:00:00+02:00;2025-09-27T01:00:00+02:00;NO5
0.64453;0.05514;11.689;2025-09-27T01:00:00+02:00;2025-09-27T02:00:00+02:00;NO5
0.65014;0.05562;11.689;2025-09-27T02:00:00+02:00;2025-09-27T03:00:00+02:00;NO5
0.65201;0.05578;11.689;2025-09-27T03:00:00+02:00;2025-09-27T04:00:00+02:00;NO5
0.64874;0.0555;11.689;2025-09-27T04:00:00+02:00;2025-09-27T05:00:00+02:00;NO5
0.654;0.05595;11.689;2025-09-27T05:00:00+02:00;2025-09-27T06:00:00+02:00;NO5
0.63495;0.05432;11.689;2025-09-27T06:00:00+02:00;2025-09-27T07:00:00+02:00;NO5
0.64126;0.05486;11.689;2025-09-27T07:00:00+02:00;2025-09-27T08:00:00+02:00;NO5
0.65108;0.0557;11.689;2025-09-27T08:00:00+02:00;2025-09-27T09:00:00+02:00;NO5
0.69737;0.05966;11.689;2025-09-27T09:00:00+02:00;2025-09-27T10:00:00+02:00;NO5
0.73243;0.06266;11.689;2025-09-27T10:00:00+02:00;2025-09-27T11:00:00+02:00;NO5
0.67165;0.05746;11.689;2025-09-27T11:00:00+02:00;2025-09-27T12:00:00+02:00;NO5
0.66265;0.05669;11.689;2025-09-27T12:00:00+02:00;2025-09-27T13:00:00+02:00;NO5
0.60982;0.05217;11.689;2025-09-27T13:00:00+02:00;2025-09-27T14:00:00+02:00;NO5
0.65587;0.05611;11.689;2025-09-27T14:00:00+02:00;2025-09-27T15:00:00+02:00;NO5
0.65143;0.05573;11.689;2025-09-27T15:00:00+02:00;2025-09-27T16:00:00+02:00;NO5
0.67165;0.05746;11.689;2025-09-27T16:00:00+02:00;2025-09-27T17:00:00+02:00;NO5
0.65914;0.05639;11.689;2025-09-27T17:00:00+02:00;2025-09-27T18:00:00+02:00;NO5
0.66768;0.05712;11.689;2025-09-27T18:00:00+02:00;2025-09-27T19:00:00+02:00;NO5
0.7246;0.06199;11.689;2025-09-27T19:00:00+02:00;2025-09-27T20:00:00+02:00;NO5
0.6644;0.05684;11.689;2025-09-27T20:00:00+02:00;2025-09-27T21:00:00+02:00;NO5
0.63425;0.05426;11.689;2025-09-27T21:00:00+02:00;2025-09-27T22:00:00+02:00;NO5
0.61659;0.05275;11.689;2025-09-27T22:00:00+02:00;2025-09-27T23:00:00+02:00;NO5
0.59333;0.05076;11.689;2025-09-27T23:00:00+02:00;2025-09-28T00:00:00+02:00;NO5
0.49044;0.04188;11.7105;2025-09-28T00:00:00+02:00;2025-09-28T01:00:00+02:00;NO1
0.4909;0.04192;11.7105;2025-09-28T01:00:00+02:00;2025-09-28T02:00:00+02:00;NO1
0.52955;0.04522;11.7105;2025-09-28T02:00:00+02:00;2025-09-28T03:00:00+02:00;NO1
0.53423;0.04562;11.7105;2025-09-28T03:00:00+02:00;2025-09-28T04:00:00+02:00;NO1
0.44699;0.03817;11.7105;2025-09-28T04:00:00+02:00;2025-09-28T05:00:00+02:00;NO1
0.46912;0.04006;11.7105;2025-09-28T05:00:00+02:00;2025-09-28T06:00:00+02:00;NO1
0.40928;0.03495;11.7105;2025-09-28T06:00:00+02:00;2025-09-28T07:00:00+02:00;NO1
0.45776;0.03909;11.7105;2025-09-28T07:00:00+02:00;2025-09-28T08:00:00+02:00;NO1
0.62487;0.05336;11.7105;2025-09-28T08:00:00+02:00;2025-09-28T09:00:00+02:00;NO1
0.71551;0.0611;11.7105;2025-09-28T09:00:00+02:00;2025-09-28T10:00:00+02:00;NO1
0.69514;0.05936;11.7105;2025-09-28T10:00:00+02:00;2025-09-28T11:00:00+02:00;NO1
0.64373;0.05497;11.7105;2025-09-28T11:00:00+02:00;2025-09-28T12:00:00+02:00;NO1
0.5032;0.04297;11.7105;2025-09-28T12:00:00+02:00;2025-09-28T13:00:00+02:00;NO1
0.46983;0.04012;11.7105;2025-09-28T13:00:00+02:00;2025-09-28T14:00:00+02:00;NO1
0.56281;0.04806;11.7105;2025-09-28T14:00:00+02:00;2025-09-28T15:00:00+02:00;NO1
0.70427;0.06014;11.7105;2025-09-28T15:00:00+02:00;2025-09-28T16:00:00+02:00;NO1
0.7257;0.06197;11.7105;2025-09-28T16:00:00+02:00;2025-09-28T17:00:00+02:00;NO1
0.73882;0.06309;11.7105;2025-09-28T17:00:00+02:00;2025-09-28T18:00:00+02:00;NO1
0.68998;0.05892;11.7105;2025-09-28T18:00:00+02:00;2025-09-28T19:00:00+02:00;NO1
0.45132;0.03854;11.7105;2025-09-28T19:00:00+02:00;2025-09-28T20:00:00+02:00;NO1
0.38305;0.03271;11.7105;2025-09-28T20:00:00+02:00;2025-09-28T21:00:00+02:00;NO1
0.39371;0.03362;11.7105;2025-09-28T21:00:00+02:00;2025-09-28T22:00:00+02:00;NO1
0.4553;0.03888;11.7105;2025-09-28T22:00:00+02:00;2025-09-28T23:00:00+02:00;NO1
0.4731;0.0404;11.7105;2025-09-28T23:00:00+02:00;2025-09-29T00:00:00+02:00;NO1
0.77172;0.0659;11.7105;2025-09-28T00:00:00+02:00;2025-09-28T01:00:00+02:00;NO2
0.77301;0.06601;11.7105;2025-09-28T01:00:00+02:00;2025-09-28T02:00:00+02:00;NO2
0.80486;0.06873;11.7105;2025-09-28T02:00:00+02:00;2025-09-28T03:00:00+02:00;NO2
0.80486;0.06873;11.7105;2025-09-28T03:00:00+02:00;2025-09-28T04:00:00+02:00;NO2
0.7702;0.06577;11.7105;2025-09-28T04:00:00+02:00;2025-09-28T05:00:00+02:00;NO2
0.7702;0.06577;11.7105;2025-09-28T05:00:00+02:00;2025-09-28T06:00:00+02:00;NO2
0.77547;0.06622;11.7105;2025-09-28T06:00:00+02:00;2025-09-28T07:00:00+02:00;NO2
0.81271;0.0694;11.7105;2025-09-28T07:00:00+02:00;2025-09-28T08:00:00+02:00;NO2
0.82442;0.0704;11.7105;2025-09-28T08:00:00+02:00;2025-09-28T09:00:00+02:00;NO2
0.81072;0.06923;11.7105;2025-09-28T09:00:00+02:00;2025-09-28T10:00:00+02:00;NO2
0.77242;0.06596;11.7105;2025-09-28T10:00:00+02:00;2025-09-28T11:00:00+02:00;NO2
0.6716;0.05735;11.7105;2025-09-28T11:00:00+02:00;2025-09-28T12:00:00+02:00;NO2
0.52381;0.04473;11.7105;2025-09-28T12:00:00+02:00;2025-09-28T13:00:00+02:00;NO2
0.48821;0.04169;11.7105;2025-09-28T13:00:00+02:00;2025-09-28T14:00:00+02:00;NO2
0.5867;0.0501;11.7105;2025-09-28T14:00:00+02:00;2025-09-28T15:00:00+02:00;NO2
0.75732;0.06467;11.7105;2025-09-28T15:00:00+02:00;2025-09-28T16:00:00+02:00;NO2
0.80217;0.0685;11.7105;2025-09-28T16:00:00+02:00;2025-09-28T17:00:00+02:00;NO2
0.82313;0.07029;11.7105;2025-09-28T17:00:00+02:00;2025-09-28T18:00:00+02:00;NO2
0.86552;0.07391;11.7105;2025-09-28T18:00:00+02:00;2025-09-28T19:00:00+02:00;NO2
0.90077;0.07692;11.7105;2025-09-28T19:00:00+02:00;2025-09-28T20:00:00+02:00;NO2
0.86892;0.0742;11.7105;2025-09-28T20:00:00+02:00;2025-09-28T21:00:00+02:00;NO2
0.83133;0.07099;11.7105;2025-09-28T21:00:00+02:00;2025-09-28T22:00:00+02:00;NO2
0.79409;0.06781;11.7105;2025-09-28T22:00:00+02:00;2025-09-28T23:00:00+02:00;NO2
0.76797;0.06558;11.7105;2025-09-28T23:00:00+02:00;2025-09-29T00:00:00+02:00;NO2
0.15013;0.01282;11.7105;2025-09-28T00:00:00+02:00;2025-09-28T01:00:00+02:00;NO3
0.14978;0.01279;11.7105;2025-09-28T01:00:00+02:00;2025-09-28T02:00:00+02:00;NO3
0.1568;0.01339;11.7105;2025-09-28T02:00:00+02:00;2025-09-28T03:00:00+02:00;NO3
0.1561;0.01333;11.7105;2025-09-28T03:00:00+02:00;2025-09-28T04:00:00+02:00;NO3
0.1431;0.01222;11.7105;2025-09-28T04:00:00+02:00;2025-09-28T05:00:00+02:00;NO3
0.14872;0.0127;11.7105;2025-09-28T05:00:00+02:00;2025-09-28T06:00:00+02:00;NO3
0.13982;0.01194;11.7105;2025-09-28T06:00:00+02:00;2025-09-28T07:00:00+02:00;NO3
0.1438;0.01228;11.7105;2025-09-28T07:00:00+02:00;2025-09-28T08:00:00+02:00;NO3
0.15282;0.01305;11.7105;2025-09-28T08:00:00+02:00;2025-09-28T09:00:00+02:00;NO3
0.18362;0.01568;11.7105;2025-09-28T09:00:00+02:00;2025-09-28T10:00:00+02:00;NO3
0.18058;0.01542;11.7105;2025-09-28T10:00:00+02:00;2025-09-28T11:00:00+02:00;NO3
0.17519;0.01496;11.7105;2025-09-28T11:00:00+02:00;2025-09-28T12:00:00+02:00;NO3
0.15235;0.01301;11.7105;2025-09-28T12:00:00+02:00;2025-09-28T13:00:00+02:00;NO3
0.15399;0.01315;11.7105;2025-09-28T13:00:00+02:00;2025-09-28T14:00:00+02:00;NO3
0.15364;0.01312;11.7105;2025-09-28T14:00:00+02:00;2025-09-28T15:00:00+02:00;NO3
0.16945;0.01447;11.7105;2025-09-28T15:00:00+02:00;2025-09-28T16:00:00+02:00;NO3
0.12624;0.01078;11.7105;2025-09-28T16:00:00+02:00;2025-09-28T17:00:00+02:00;NO3
0.04438;0.00379;11.7105;2025-09-28T17:00:00+02:00;2025-09-28T18:00:00+02:00;NO3
0.02459;0.0021;11.7105;2025-09-28T18:00:00+02:00;2025-09-28T19:00:00+02:00;NO3
0.02459;0.0021;11.7105;2025-09-28T19:00:00+02:00;2025-09-28T20:00:00+02:00;NO3
0.06043;0.00516;11.7105;2025-09-28T20:00:00+02:00;2025-09-28T21:00:00+02:00;NO3
0.1157;0.00988;11.7105;2025-09-28T21:00:00+02:00;2025-09-28T22:00:00+02:00;NO3
0.12191;0.01041;11.7105;2025-09-28T22:00:00+02:00;2025-09-28T23:00:00+02:00;NO3
0.11734;0.01002;11.7105;2025-09-28T23:00:00+02:00;2025-09-29T00:00:00+02:00;NO3
0.07811;0.00667;11.7105;2025-09-28T00:00:00+02:00;2025-09-28T01:00:00+02:00;NO4
0.07776;0.00664;11.7105;2025-09-28T01:00:00+02:00;2025-09-28T02:00:00+02:00;NO4
0.07624;0.00651;11.7105;2025-09-28T02:00:00+02:00;2025-09-28T03:00:00+02:00;NO4
0.07132;0.00609;11.7105;2025-09-28T03:00:00+02:00;2025-09-28T04:00:00+02:00;NO4
0.07624;0.00651;11.7105;2025-09-28T04:00:00+02:00;2025-09-28T05:00:00+02:00;NO4
0.07319;0.00625;11.7105;2025-09-28T05:00:00+02:00;2025-09-28T06:00:00+02:00;NO4
0.07612;0.0065;11.7105;2025-09-28T06:00:00+02:00;2025-09-28T07:00:00+02:00;NO4
0.07424;0.00634;11.7105;2025-09-28T07:00:00+02:00;2025-09-28T08:00:00+02:00;NO4
0.0767;0.00655;11.7105;2025-09-28T08:00:00+02:00;2025-09-28T09:00:00+02:00;NO4
0.06406;0.00547;11.7105;2025-09-28T09:00:00+02:00;2025-09-28T10:00:00+02:00;NO4
0.07179;0.00613;11.7105;2025-09-28T10:00:00+02:00;2025-09-28T11:00:00+02:00;NO4
0.06816;0.00582;11.7105;2025-09-28T11:00:00+02:00;2025-09-28T12:00:00+02:00;NO4
0.06511;0.00556;11.7105;2025-09-28T12:00:00+02:00;2025-09-28T13:00:00+02:00;NO4
0.06406;0.00547;11.7105;2025-09-28T13:00:00+02:00;2025-09-28T14:00:00+02:00;NO4
0.063;0.00538;11.7105;2025-09-28T14:00:00+02:00;2025-09-28T15:00:00+02:00;NO4
0.06406;0.00547;11.7105;2025-09-28T15:00:00+02:00;2025-09-28T16:00:00+02:00;NO4
0.08104;0.00692;11.7105;2025-09-28T16:00:00+02:00;2025-09-28T17:00:00+02:00;NO4
0.06007;0.00513;11.7105;2025-09-28T17:00:00+02:00;2025-09-28T18:00:00+02:00;NO4
0.05516;0.00471;11.7105;2025-09-28T18:00:00+02:00;2025-09-28T19:00:00+02:00;NO4
0.05281;0.00451;11.7105;2025-09-28T19:00:00+02:00;2025-09-28T20:00:00+02:00;NO4
0.05562;0.00475;11.7105;2025-09-28T20:00:00+02:00;2025-09-28T21:00:00+02:00;NO4
0.06441;0.0055;11.7105;2025-09-28T21:00:00+02:00;2025-09-28T22:00:00+02:00;NO4
0.06148;0.00525;11.7105;2025-09-28T22:00:00+02:00;2025-09-28T23:00:00+02:00;NO4
0.05117;0.00437;11.7105;2025-09-28T23:00:00+02:00;2025-09-29T00:00:00+02:00;NO4
0.61808;0.05278;11.7105;2025-09-28T00:00:00+02:00;2025-09-28T01:00:00+02:00;NO5
0.57592;0.04918;11.7105;2025-09-28T01:00:00+02:00;2025-09-28T02:00:00+02:00;NO5
0.54875;0.04686;11.7105;2025-09-28T02:00:00+02:00;2025-09-28T03:00:00+02:00;NO5
0.54922;0.0469;11.7105;2025-09-28T03:00:00+02:00;2025-09-28T04:00:00+02:00;NO5
0.56808;0.04851;11.7105;2025-09-28T04:00:00+02:00;2025-09-28T05:00:00+02:00;NO5
0.58787;0.0502;11.7105;2025-09-28T05:00:00+02:00;2025-09-28T06:00:00+02:00;NO5
0.59325;0.05066;11.7105;2025-09-28T06:00:00+02:00;2025-09-28T07:00:00+02:00;NO5
0.58986;0.05037;11.7105;2025-09-28T07:00:00+02:00;2025-09-28T08:00:00+02:00;NO5
0.59934;0.05118;11.7105;2025-09-28T08:00:00+02:00;2025-09-28T09:00:00+02:00;NO5
0.59524;0.05083;11.7105;2025-09-28T09:00:00+02:00;2025-09-28T10:00:00+02:00;NO5
0.6093;0.05203;11.7105;2025-09-28T10:00:00+02:00;2025-09-28T11:00:00+02:00;NO5
0.65918;0.05629;11.7105;2025-09-28T11:00:00+02:00;2025-09-28T12:00:00+02:00;NO5
0.51456;0.04394;11.7105;2025-09-28T12:00:00+02:00;2025-09-28T13:00:00+02:00;NO5
0.47978;0.04097;11.7105;2025-09-28T13:00:00+02:00;2025-09-28T14:00:00+02:00;NO5
0.57581;0.04917;11.7105;2025-09-28T14:00:00+02:00;2025-09-28T15:00:00+02:00;NO5
0.67816;0.05791;11.7105;2025-09-28T15:00:00+02:00;2025-09-28T16:00:00+02:00;NO5
0.66117;0.05646;11.7105;2025-09-28T16:00:00+02:00;2025-09-28T17:00:00+02:00;NO5
0.67265;0.05744;11.7105;2025-09-28T17:00:00+02:00;2025-09-28T18:00:00+02:00;NO5
0.68506;0.0585;11.7105;2025-09-28T18:00:00+02:00;2025-09-28T19:00:00+02:00;NO5
0.66738;0.05699;11.7105;2025-09-28T19:00:00+02:00;2025-09-28T20:00:00+02:00;NO5
0.61703;0.05269;11.7105;2025-09-28T20:00:00+02:00;2025-09-28T21:00:00+02:00;NO5
0.60485;0.05165;11.7105;2025-09-28T21:00:00+02:00;2025-09-28T22:00:00+02:00;NO5
0.62206;0.05312;11.7105;2025-09-28T22:00:00+02:00;2025-09-28T23:00:00+02:00;NO5
0.61515;0.05253;11.7105;2025-09-28T23:00:00+02:00;2025-09-29T00:00:00+02:00;NO5
